"","N","Vol","Pos1","Pos2","Pos3","CHELSA_bio10_01","CHELSA_bio10_02","CHELSA_bio10_10","CHELSA_bio10_11","CHELSA_bio10_12","CHELSA_bio10_15","CHELSA_bio10_16","CHELSA_bio10_17","GLOBAL_SLOPE_10MIN","depthtobedrock2","meancarbon","meanpH","meanwatercap"
"Axinandra.tif",20,1.7546867324782,0.0222649623167877,6.5536070151908,0.0783993225019556,26.3666184425354,48.033882522583,26.8788401603699,25.7516060829163,3198.80029296875,26.4575726985931,1184.60753173828,545.923268127441,0.391056262142956,190.928420639038,121.487270116806,48.637450170517,19.9442454338074
"Crypteronia.tif",186,33.9390800468799,0.764148029887752,4.89160879368281,0.694589656060028,25.3978488778555,46.4149681316909,26.3522980187529,24.1976854519177,2701.79130997196,45.8784798293985,1138.32173583328,314.117348722232,0.842480831989838,188.596153184077,65.0375320783225,52.0047461379813,16.7667391150656
"Dactylocladus.tif",23,1.58869560803308,-0.412899861527267,6.37649534128997,-0.227414643009962,26.802487746529,45.7674951967986,27.3578717604927,26.192461843076,3178.11110521399,26.1032532401707,1120.38724683679,511.162459663723,0.314672602563287,199.376474463421,192.778217509173,49.9678454744643,21.8203127867934
