"","N","Vol","Pos1","Pos2","Pos3","CHELSA_bio10_01","CHELSA_bio10_02","CHELSA_bio10_10","CHELSA_bio10_11","CHELSA_bio10_12","CHELSA_bio10_15","CHELSA_bio10_16","CHELSA_bio10_17","GLOBAL_SLOPE_10MIN","depthtobedrock2","meancarbon","meanpH","meanwatercap"
"Olinia rochetiana.tif",56,9.44243909933952,0.978581027050305,1.10199969312222,1.22066813756134,18.7918715136392,87.2354299000331,20.9967053958348,16.5124186958585,1197.04327665057,78.5803925309862,672.448311397008,40.512026731457,1.28716759756207,193.113006353378,44.8947121756417,57.3467011281422,16.6378626993724
"Olinia ventosa.tif",3,NA,0.11460175695686,0.547197995119392,1.23339636854743,17.8138243357341,93.2093505859375,22.3256613413493,12.9225905736287,681.071665445964,17.9884805679321,218.837743123372,132.133154551188,0.90112766623497,137.578703562419,29.9101970990499,60.8198808034261,18.7957935333252
"Penaea mucronata.tif",12,0.487393513091755,0.117095948892999,0.62759883936914,0.542651095023792,16.5717527071635,56.0076591173808,20.4534811973572,12.7489061355591,756.835067749023,51.7205944061279,332.150545756022,78.0693740844727,0.624748357261221,164.795234680176,34.0756918787956,64.5253955523173,18.6912399927775
"Rhynchocalyx lawsonioides.tif",2,NA,0.67104488907861,1.55690537149313,0.490493912927683,19.9621286392212,64.3548831939697,23.5143690109253,16.2075042724609,1212.06481933594,45.1308193206787,448.423110961914,102.532485961914,1.02751687169075,197.838535308838,25.747576713562,55.8852467536926,16.9042761325836
